label,x_min,y_min,x_max,y_max
Player,0.18115942028985507,0.03656307129798903,0.5434782608695652,0.9872029250457038
Ball,0.49516908212560384,0.8226691042047533,0.6038647342995169,0.9872029250457038
